<?xml version="1.0" encoding="UTF-8"?>
<project-private xmlns="http://www.netbeans.org/ns/project-private/1">
    <editor-bookmarks xmlns="http://www.netbeans.org/ns/editor-bookmarks/2" lastBookmarkId="0"/>
    <open-files xmlns="http://www.netbeans.org/ns/projectui-open-files/2">
        <group>
            <file>file:/C:/Users/Trung/Documents/NetBeansProjects/Sale%20Manager%20Systerm/src/JFrame/ProductJFrame.java</file>
            <file>file:/C:/Users/Trung/Documents/NetBeansProjects/Sale%20Manager%20Systerm/src/ixj/IXJ_Ordering.java</file>
            <file>file:/C:/Users/Trung/Documents/NetBeansProjects/Sale%20Manager%20Systerm/src/JFrame/CustomerJFrame.java</file>
            <file>file:/C:/Users/Trung/Documents/NetBeansProjects/Sale%20Manager%20Systerm/src/ixj/IXJ_Customer.java</file>
            <file>file:/C:/Users/Trung/Documents/NetBeansProjects/Sale%20Manager%20Systerm/src/data/ordering.xml</file>
            <file>file:/C:/Users/Trung/Documents/NetBeansProjects/Sale%20Manager%20Systerm/src/JFrame/Menu.java</file>
            <file>file:/C:/Users/Trung/Documents/NetBeansProjects/Sale%20Manager%20Systerm/src/ixj/IXJ_Product.java</file>
            <file>file:/C:/Users/Trung/Documents/NetBeansProjects/Sale%20Manager%20Systerm/src/JFrame/OrderingJFrame.java</file>
            <file>file:/C:/Users/Trung/Documents/NetBeansProjects/Sale%20Manager%20Systerm/src/data/product.xml</file>
        </group>
    </open-files>
</project-private>
