<?xml version="1.0" encoding="UTF-8" standalone="no"?>
<!--
To change this license header, choose License Headers in Project Properties.
To change this template file, choose Tools | Templates
and open the template in the editor.
--><OrderingManager>
    <Ordering cus_code="cus1">
        <pro_code>1</pro_code>
        <quantity>21</quantity>
        <total>122</total>
    </Ordering>

    <Ordering cus_code="cus5">
        <pro_code>2</pro_code>
        <quantity>2</quantity>
         <total>170.0</total>
    </Ordering>
<Ordering cus_code="cus2">
<pro_code>2</pro_code>
<quantity>2</quantity>
<total>170.0</total>
</Ordering>
</OrderingManager>
