<?xml version="1.0" encoding="UTF-8" standalone="no"?>
<!--
To change this license header, choose License Headers in Project Properties.
To change this template file, choose Tools | Templates
and open the template in the editor.
--><ProductManager>
    <Product pro_code="1">
        <pro_name>Dell</pro_name>
        <quantity>100</quantity>
        <saled>20</saled>
        <price>75.5</price>
    </Product>
    <Product pro_code="2">
        <pro_name>Vaio</pro_name>
        <quantity>200</quantity>
        <saled>25</saled>
        <price>85</price>
    </Product>
    <Product pro_code="3">
        <pro_name>Asus</pro_name>
        <quantity>180</quantity>
        <saled>50</saled>
        <price>87.6</price>
    </Product>
    <Product pro_code="4">
        <pro_name>Lenovo</pro_name>
        <quantity>90</quantity>
        <saled>30</saled>
        <price>65.5</price>
    </Product>
    <Product pro_code="5">
        <pro_name>Dell Vostro</pro_name>
        <quantity>150</quantity>
        <saled>20</saled>
        <price>75.5</price>
    </Product>
    <Product pro_code="6">
        <pro_name>Dell Inspiron</pro_name>
        <quantity>500</quantity>
        <saled>200</saled>
        <price>79</price>
    </Product>
    <Product pro_code="7">
        <pro_name>Macbook</pro_name>
        <quantity>100</quantity>
        <saled>50</saled>
        <price>299</price>
    </Product>
    <Product pro_code="8">
        <pro_name>Acer</pro_name>
        <quantity>120</quantity>
        <saled>20</saled>
        <price>70.5</price>
    </Product>
    <Product pro_code="9">
        <pro_name>Dell</pro_name>
        <quantity>100</quantity>
        <saled>20</saled>
        <price>75.5</price>
    </Product>
    <Product pro_code="10">
        <pro_name>Dell</pro_name>
        <quantity>100</quantity>
        <saled>20</saled>
        <price>75.5</price>
    </Product>             
</ProductManager>
